entries,dimension,store_seconds,store_per_second,median_us,mean_us,p95_us,min_us,max_us,value_ok,confidence
100,1024,0.003874,25813.39,11.625,11.6974,12.833,10.542,14.75,True,0.011678
1000,1024,0.040528,24674.53,12.208,12.2256,12.375,12.125,12.791,True,0.000219
5000,1024,0.19977,25028.82,12.125,12.4802,15.25,10.916,25.375,True,7.8e-05
