entries,dimension,store_seconds,store_per_second,median_us,mean_us,p95_us,min_us,max_us,value_ok,confidence
100,1024,0.003928,25459.33,11.625,11.6197,11.708,11.5,11.75,True,0.011678
1000,1024,0.040864,24471.47,12.125,12.126,12.25,12.041,12.334,True,0.000219
5000,1024,0.21731,23008.61,12.125,12.3547,15.5,10.959,16.0,True,7.8e-05
