entries,dimension,store_seconds,store_per_second,median_us,mean_us,p95_us,min_us,max_us,value_ok,confidence
100,1024,0.004014,24911.51,11.7915,11.8921,12.0,11.666,16.375,True,0.011678
1000,1024,0.041837,23902.22,12.292,12.377,12.541,12.208,14.917,True,0.000219
5000,1024,0.208433,23988.47,12.25,12.3302,12.75,12.166,14.542,True,7.8e-05
