entries,dimension,store_seconds,store_per_second,median_us,mean_us,p95_us,min_us,max_us,value_ok,confidence
100,1024,0.003786,26414.85,11.541,11.4713,11.958,10.416,15.125,True,0.011678
1000,1024,0.039608,25247.66,12.041,11.5797,12.209,10.875,12.333,True,0.000219
5000,1024,0.198261,25219.26,12.042,11.9026,12.167,10.916,13.375,True,7.8e-05
